1,"ACEH",1492,"ACEH BARAT",1107,11
1,"ACEH",4989,"ACEH BARAT DAYA",1112,11
1,"ACEH",1824,"ACEH BESAR",1108,11
1,"ACEH",5286,"ACEH JAYA",1116,11
1,"ACEH",2,"ACEH SELATAN",1103,11
1,"ACEH",4233,"ACEH SINGKIL",1102,11
1,"ACEH",5694,"ACEH TAMIANG",1114,11
1,"ACEH",1207,"ACEH TENGAH",1106,11
1,"ACEH",269,"ACEH TENGGARA",1104,11
1,"ACEH",671,"ACEH TIMUR",1105,11
1,"ACEH",3205,"ACEH UTARA",1111,11
1,"ACEH",5920,"BENER MERIAH",1117,11
1,"ACEH",4362,"BIREUEN",1110,11
1,"ACEH",5138,"GAYO LUES",1113,11
1,"ACEH",6397,"KOTA BANDA ACEH",1171,11
1,"ACEH",6591,"KOTA LANGSA",1173,11
1,"ACEH",6518,"KOTA LHOKSEUMAWE",1174,11
1,"ACEH",6497,"KOTA SABANG",1172,11
1,"ACEH",6648,"KOTA SUBULUSSALAM",1175,11
1,"ACEH",5463,"NAGAN RAYA",1115,11
1,"ACEH",2452,"PIDIE",1109,11
1,"ACEH",6166,"PIDIE JAYA",1118,11
1,"ACEH",4086,"SIMEULUE",1101,11
53241,"BALI",53439,"BADUNG",5103,51
53241,"BALI",53650,"BANGLI",5106,51
53241,"BALI",53814,"BULELENG",5108,51
53241,"BALI",53508,"GIANYAR",5104,51
53241,"BALI",53242,"JEMBRANA",5101,51
53241,"BALI",53727,"KARANGASEM",5107,51
53241,"BALI",53586,"KLUNGKUNG",5105,51
53241,"BALI",53972,"KOTA DENPASAR",5171,51
53241,"BALI",53299,"TABANAN",5102,51
51578,"BANTEN",53054,"KOTA CILEGON",3672,36
51578,"BANTEN",53106,"KOTA SERANG",3604,36
51578,"BANTEN",52936,"KOTA TANGERANG",3603,36
51578,"BANTEN",53179,"KOTA TANGERANG SELATAN",3674,36
51578,"BANTEN",51913,"LEBAK",3602,36
51578,"BANTEN",51579,"PANDEGLANG",3601,36
51578,"BANTEN",52593,"SERANG",3673,36
51578,"BANTEN",52287,"TANGERANG",3671,36
20802,"BENGKULU",20923,"BENGKULU SELATAN",1701,17
20802,"BENGKULU",20803,"BENGKULU TENGAH",1709,17
20802,"BENGKULU",21265,"BENGKULU UTARA",1703,17
20802,"BENGKULU",21492,"KAUR",1704,17
20802,"BENGKULU",22135,"KEPAHIANG",1708,17
20802,"BENGKULU",22252,"KOTA BENGKULU",1771,17
20802,"BENGKULU",22052,"LEBONG",1707,17
20802,"BENGKULU",21885,"MUKOMUKO",1706,17
20802,"BENGKULU",21093,"REJANG LEBONG",1702,17
20802,"BENGKULU",21702,"SELUMA",1705,17
41863,"DAERAH ISTIMEWA YOGYAKARTA",41965,"BANTUL",3402,34
41863,"DAERAH ISTIMEWA YOGYAKARTA",42058,"GUNUNGKIDUL",3403,34
41863,"DAERAH ISTIMEWA YOGYAKARTA",42325,"KOTA YOGYAKARTA",3471,34
41863,"DAERAH ISTIMEWA YOGYAKARTA",41864,"KULON PROGO",3401,34
41863,"DAERAH ISTIMEWA YOGYAKARTA",42221,"SLEMAN",3404,34
25823,"DKI JAKARTA",25924,"JAKARTA BARAT",3174,31
25823,"DKI JAKARTA",25833,"JAKARTA PUSAT",3173,31
25823,"DKI JAKARTA",25989,"JAKARTA SELATAN",3171,31
25823,"DKI JAKARTA",26065,"JAKARTA TIMUR",3172,31
25823,"DKI JAKARTA",25886,"JAKARTA UTARA",3175,31
25823,"DKI JAKARTA",25824,"KEPULAUAN SERIBU",3101,31
74716,"GORONTALO",74941,"BOALEMO",7501,75
74716,"GORONTALO",75031,"BONE BOLANGO",7504,75
74716,"GORONTALO",74717,"GORONTALO",7571,75
74716,"GORONTALO",75301,"GORONTALO UTARA",7505,75
74716,"GORONTALO",75365,"KOTA GORONTALO",7502,75
74716,"GORONTALO",75183,"PAHUWATO",7503,75
15885,"JAMBI",16576,"BATANGHARI",1504,15
15885,"JAMBI",17051,"BUNGO",1509,15
15885,"JAMBI",15961,"KERINCI",1501,15
15885,"JAMBI",17333,"KOTA JAMBI",1571,15
15885,"JAMBI",15886,"KOTA SUNGAI PENUH",1572,15
15885,"JAMBI",16183,"MERANGIN",1502,15
15885,"JAMBI",16699,"MUARO JAMBI",1505,15
15885,"JAMBI",16420,"SAROLANGUN",1503,15
15885,"JAMBI",16862,"TANJUNG JABUNG BARAT",1507,15
15885,"JAMBI",16946,"TANJUNG JABUNG TIMUR",1506,15
15885,"JAMBI",17215,"TEBO",1508,15
26141,"JAWA BARAT",27407,"BANDUNG",3273,32
26141,"JAWA BARAT",31896,"BANDUNG BARAT",3217,32
26141,"JAWA BARAT",31685,"BEKASI",3275,32
26141,"JAWA BARAT",26142,"BOGOR",3271,32
26141,"JAWA BARAT",28573,"CIAMIS",3207,32
26141,"JAWA BARAT",27026,"CIANJUR",3203,32
26141,"JAWA BARAT",29369,"CIREBON",3274,32
26141,"JAWA BARAT",27714,"GARUT",3205,32
26141,"JAWA BARAT",30503,"INDRAMAYU",3212,32
26141,"JAWA BARAT",31345,"KARAWANG",3215,32
26141,"JAWA BARAT",32193,"KOTA BANDUNG",3204,32
26141,"JAWA BARAT",32646,"KOTA BANJAR",3279,32
26141,"JAWA BARAT",32403,"KOTA BEKASI",3216,32
26141,"JAWA BARAT",32077,"KOTA BOGOR",3201,32
26141,"JAWA BARAT",32547,"KOTA CIMAHI",3277,32
26141,"JAWA BARAT",32375,"KOTA CIREBON",3209,32
26141,"JAWA BARAT",32472,"KOTA DEPOK",3276,32
26141,"JAWA BARAT",32152,"KOTA SUKABUMI",3202,32
26141,"JAWA BARAT",32566,"KOTA TASIKMALAYA",3206,32
26141,"JAWA BARAT",28960,"KUNINGAN",3208,32
26141,"JAWA BARAT",29834,"MAJALENGKA",3210,32
26141,"JAWA BARAT",927964,"PANGANDARAN",3218,32
26141,"JAWA BARAT",31135,"PURWAKARTA",3214,32
26141,"JAWA BARAT",30851,"SUBANG",3213,32
26141,"JAWA BARAT",26611,"SUKABUMI",3272,32
26141,"JAWA BARAT",30197,"SUMEDANG",3211,32
26141,"JAWA BARAT",28182,"TASIKMALAYA",3278,32
32676,"JAWA TENGAH",33603,"BANJARNEGARA",3304,33
32676,"JAWA TENGAH",32986,"BANYUMAS",3302,33
32676,"JAWA TENGAH",40053,"BATANG",3325,33
32676,"JAWA TENGAH",37514,"BLORA",3316,33
32676,"JAWA TENGAH",35575,"BOYOLALI",3309,33
32676,"JAWA TENGAH",41165,"BREBES",3329,33
32676,"JAWA TENGAH",32677,"CILACAP",3301,33
32676,"JAWA TENGAH",38917,"DEMAK",3321,33
32676,"JAWA TENGAH",37214,"GROBOGAN",3315,33
32676,"JAWA TENGAH",38706,"JEPARA",3320,33
32676,"JAWA TENGAH",36790,"KARANGANYAR",3313,33
32676,"JAWA TENGAH",33902,"KEBUMEN",3305,33
32676,"JAWA TENGAH",39746,"KENDAL",3324,33
32676,"JAWA TENGAH",35862,"KLATEN",3310,33
32676,"JAWA TENGAH",41480,"KOTA MAGELANG",3308,33
32676,"JAWA TENGAH",41779,"KOTA PEKALONGAN",3326,33
32676,"JAWA TENGAH",41558,"KOTA SALATIGA",3373,33
32676,"JAWA TENGAH",41585,"KOTA SEMARANG",3322,33
32676,"JAWA TENGAH",41501,"KOTA SURAKARTA",3372,33
32676,"JAWA TENGAH",41831,"KOTA TEGAL",3328,33
32676,"JAWA TENGAH",38564,"KUDUS",3319,33
32676,"JAWA TENGAH",35181,"MAGELANG",3371,33
32676,"JAWA TENGAH",38136,"PATI",3318,33
32676,"JAWA TENGAH",40317,"PEKALONGAN",3375,33
32676,"JAWA TENGAH",40622,"PEMALANG",3327,33
32676,"JAWA TENGAH",33345,"PURBALINGGA",3303,33
32676,"JAWA TENGAH",34389,"PURWOREJO",3306,33
32676,"JAWA TENGAH",37826,"REMBANG",3317,33
32676,"JAWA TENGAH",39181,"SEMARANG",3374,33
32676,"JAWA TENGAH",36985,"SRAGEN",3314,33
32676,"JAWA TENGAH",36290,"SUKOHARJO",3311,33
32676,"JAWA TENGAH",40859,"TEGAL",3376,33
32676,"JAWA TENGAH",39436,"TEMANGGUNG",3323,33
32676,"JAWA TENGAH",36470,"WONOGIRI",3312,33
32676,"JAWA TENGAH",34900,"WONOSOBO",3307,33
42385,"JAWA TIMUR",50031,"BANGKALAN",3526,35
42385,"JAWA TIMUR",44923,"BANYUWANGI",3510,35
42385,"JAWA TIMUR",43360,"BLITAR",3572,35
42385,"JAWA TIMUR",48347,"BOJONEGORO",3522,35
42385,"JAWA TIMUR",45165,"BONDOWOSO",3511,35
42385,"JAWA TIMUR",49656,"GRESIK",3525,35
42385,"JAWA TIMUR",44643,"JEMBER",3509,35
42385,"JAWA TIMUR",47001,"JOMBANG",3517,35
42385,"JAWA TIMUR",43630,"KEDIRI",3571,35
42385,"JAWA TIMUR",51550,"KOTA BATU",3579,35
42385,"JAWA TIMUR",51145,"KOTA BLITAR",3505,35
42385,"JAWA TIMUR",51095,"KOTA KEDIRI",3506,35
42385,"JAWA TIMUR",51327,"KOTA MADIUN",3519,35
42385,"JAWA TIMUR",51170,"KOTA MALANG",3507,35
42385,"JAWA TIMUR",51306,"KOTA MOJOKERTO",3516,35
42385,"JAWA TIMUR",51268,"KOTA PASURUAN",3514,35
42385,"JAWA TIMUR",51233,"KOTA PROBOLINGGO",3513,35
42385,"JAWA TIMUR",51358,"KOTA SURABAYA",3578,35
42385,"JAWA TIMUR",49154,"LAMONGAN",3524,35
42385,"JAWA TIMUR",44417,"LUMAJANG",3508,35
42385,"JAWA TIMUR",47634,"MADIUN",3577,35
42385,"JAWA TIMUR",47856,"MAGETAN",3520,35
42385,"JAWA TIMUR",43993,"MALANG",3573,35
42385,"JAWA TIMUR",46678,"MOJOKERTO",3576,35
42385,"JAWA TIMUR",47329,"NGANJUK",3518,35
42385,"JAWA TIMUR",48110,"NGAWI",3521,35
42385,"JAWA TIMUR",42386,"PACITAN",3501,35
42385,"JAWA TIMUR",50532,"PAMEKASAN",3528,35
42385,"JAWA TIMUR",45916,"PASURUAN",3575,35
42385,"JAWA TIMUR",42570,"PONOROGO",3502,35
42385,"JAWA TIMUR",45561,"PROBOLINGGO",3574,35
42385,"JAWA TIMUR",50331,"SAMPANG",3527,35
42385,"JAWA TIMUR",46306,"SIDOARJO",3515,35
42385,"JAWA TIMUR",45407,"SITUBONDO",3512,35
42385,"JAWA TIMUR",50735,"SUMENEP",3529,35
42385,"JAWA TIMUR",42897,"TRENGGALEK",3503,35
42385,"JAWA TIMUR",48805,"TUBAN",3523,35
42385,"JAWA TIMUR",43069,"TULUNGAGUNG",3504,35
58285,"KALIMANTAN BARAT",59557,"BENGKAYANG",6102,61
58285,"KALIMANTAN BARAT",59320,"KAPUAS HULU",6108,61
58285,"KALIMANTAN BARAT",60134,"KAYONG UTARA",6111,61
58285,"KALIMANTAN BARAT",58749,"KETAPANG",6106,61
58285,"KALIMANTAN BARAT",60183,"KOTA PONTIANAK",6104,61
58285,"KALIMANTAN BARAT",60223,"KOTA SINGKAWANG",6172,61
58285,"KALIMANTAN BARAT",60255,"KUBU RAYA",6112,61
58285,"KALIMANTAN BARAT",59699,"LANDAK",6103,61
58285,"KALIMANTAN BARAT",59953,"MELAWI",6110,61
58285,"KALIMANTAN BARAT",58490,"PONTIANAK",6171,61
58285,"KALIMANTAN BARAT",58286,"SAMBAS",6101,61
58285,"KALIMANTAN BARAT",58567,"SANGGAU",6105,61
58285,"KALIMANTAN BARAT",59869,"SEKADAU",6109,61
58285,"KALIMANTAN BARAT",59018,"SINTANG",6107,61
61965,"KALIMANTAN SELATAN",63866,"BALANGAN",6311,63
61965,"KALIMANTAN SELATAN",62333,"BANJAR",6303,63
61965,"KALIMANTAN SELATAN",62643,"BARITO KUALA",6304,63
61965,"KALIMANTAN SELATAN",63007,"HULU SUNGAI SELATAN",6306,63
61965,"KALIMANTAN SELATAN",63167,"HULU SUNGAI TENGAH",6307,63
61965,"KALIMANTAN SELATAN",63348,"HULU SUNGAI UTARA",6308,63
61965,"KALIMANTAN SELATAN",64085,"KOTA BANJARBARU",6372,63
61965,"KALIMANTAN SELATAN",64027,"KOTA BANJARMASIN",6371,63
61965,"KALIMANTAN SELATAN",62112,"KOTABARU",6302,63
61965,"KALIMANTAN SELATAN",63578,"TABALONG",6309,63
61965,"KALIMANTAN SELATAN",63722,"TANAH BUMBU",6310,63
61965,"KALIMANTAN SELATAN",61966,"TANAH LAUT",6301,63
61965,"KALIMANTAN SELATAN",62861,"TAPIN",6305,63
60371,"KALIMANTAN TENGAH",60867,"BARITO SELATAN",6204,62
60371,"KALIMANTAN TENGAH",61846,"BARITO TIMUR",6212,62
60371,"KALIMANTAN TENGAH",60967,"BARITO UTARA",6205,62
60371,"KALIMANTAN TENGAH",61492,"GUNUNG MAS",6211,62
60371,"KALIMANTAN TENGAH",60653,"KAPUAS",6203,62
60371,"KALIMANTAN TENGAH",61077,"KATINGAN",6209,62
60371,"KALIMANTAN TENGAH",61929,"KOTA PALANGKARAYA",6271,62
60371,"KALIMANTAN TENGAH",60372,"KOTAWARINGIN BARAT",6201,62
60371,"KALIMANTAN TENGAH",60468,"KOTAWARINGIN TIMUR",6202,62
60371,"KALIMANTAN TENGAH",61400,"LAMANDAU",6207,62
60371,"KALIMANTAN TENGAH",61711,"MURUNG RAYA",6213,62
60371,"KALIMANTAN TENGAH",61614,"PULANG PISAU",6210,62
60371,"KALIMANTAN TENGAH",61251,"SERUYAN",6208,62
60371,"KALIMANTAN TENGAH",61362,"SUKAMARA",6206,62
64111,"KALIMANTAN TIMUR",64496,"BERAU",6405,64
64111,"KALIMANTAN TIMUR",65528,"KOTA BALIKPAPAN",6471,64
64111,"KALIMANTAN TIMUR",65656,"KOTA BONTANG",6474,64
64111,"KALIMANTAN TIMUR",65567,"KOTA SAMARINDA",6472,64
64111,"KALIMANTAN TIMUR",65069,"KUTAI BARAT",6402,64
64111,"KALIMANTAN TIMUR",64248,"KUTAI KARTANEGARA",6403,64
64111,"KALIMANTAN TIMUR",65315,"KUTAI TIMUR",6404,64
64111,"KALIMANTAN TIMUR",928073,"MAHAKAM ULU",6411,64
64111,"KALIMANTAN TIMUR",64112,"PASER",6401,64
64111,"KALIMANTAN TIMUR",65469,"PENAJAM PASER UTARA",6409,64
928068,"KALIMANTAN UTARA",64617,"BULUNGAN",6502,65
928068,"KALIMANTAN UTARA",65631,"KOTA TARAKAN",6571,65
928068,"KALIMANTAN UTARA",64949,"MALINAU",6501,65
928068,"KALIMANTAN UTARA",64709,"NUNUKAN",6504,65
928068,"KALIMANTAN UTARA",65675,"TANA TIDUNG",6503,65
24993,"KEPULAUAN BANGKA BELITUNG",24994,"BANGKA",1901,19
24993,"KEPULAUAN BANGKA BELITUNG",25245,"BANGKA BARAT",1903,19
24993,"KEPULAUAN BANGKA BELITUNG",25120,"BANGKA SELATAN",1905,19
24993,"KEPULAUAN BANGKA BELITUNG",25181,"BANGKA TENGAH",1904,19
24993,"KEPULAUAN BANGKA BELITUNG",25072,"BELITUNG",1902,19
24993,"KEPULAUAN BANGKA BELITUNG",25316,"BELITUNG TIMUR",1906,19
24993,"KEPULAUAN BANGKA BELITUNG",25363,"KOTA PANGKALPINANG",1971,19
25405,"KEPULAUAN RIAU",25471,"BINTAN",2102,21
25405,"KEPULAUAN RIAU",25533,"KARIMUN",2101,21
25405,"KEPULAUAN RIAU",25429,"KEPULAUAN ANAMBAS",2105,21
25405,"KEPULAUAN RIAU",25746,"KOTA BATAM",2171,21
25405,"KEPULAUAN RIAU",25406,"KOTA TANJUNGPINANG",2172,21
25405,"KEPULAUAN RIAU",25683,"LINGGA",2104,21
25405,"KEPULAUAN RIAU",25597,"NATUNA",2103,21
22328,"LAMPUNG",24709,"KOTA BANDAR LAMPUNG",1871,18
22328,"LAMPUNG",24822,"KOTA METRO",1872,18
22328,"LAMPUNG",23460,"LAMPUNG BARAT",1801,18
22328,"LAMPUNG",22605,"LAMPUNG SELATAN",1803,18
22328,"LAMPUNG",22875,"LAMPUNG TENGAH",1805,18
22328,"LAMPUNG",24202,"LAMPUNG TIMUR",1804,18
22328,"LAMPUNG",23189,"LAMPUNG UTARA",1806,18
22328,"LAMPUNG",22439,"MESUJI",1811,18
22328,"LAMPUNG",24850,"PESAWARAN",1809,18
22328,"LAMPUNG",928071,"PESISIR BARAT",1813,18
22328,"LAMPUNG",22329,"PRINGSEWU",1810,18
22328,"LAMPUNG",23903,"TANGGAMUS",1802,18
22328,"LAMPUNG",23737,"TULANG BAWANG",1808,18
22328,"LAMPUNG",22522,"TULANG BAWANG BARAT",1812,18
22328,"LAMPUNG",24484,"WAY KANAN",1807,18
76096,"MALUKU",76651,"BURU",8104,81
76096,"MALUKU",76223,"BURU SELATAN",8109,81
76096,"MALUKU",76868,"KEPULAUAN ARU",8105,81
76096,"MALUKU",76995,"KOTA AMBON",8171,81
76096,"MALUKU",77051,"KOTA TUAL",8172,81
76096,"MALUKU",76097,"MALUKU BARAT DAYA",8108,81
76096,"MALUKU",76284,"MALUKU TENGAH",8103,81
76096,"MALUKU",76470,"MALUKU TENGGARA",8102,81
76096,"MALUKU",76568,"MALUKU TENGGARA BARAT",8101,81
76096,"MALUKU",76771,"SERAM BAGIAN BARAT",8106,81
76096,"MALUKU",76708,"SERAM BAGIAN TIMUR",8107,81
77085,"MALUKU UTARA",77155,"HALMAHERA BARAT",8201,82
77085,"MALUKU UTARA",77578,"HALMAHERA SELATAN",8204,82
77085,"MALUKU UTARA",77311,"HALMAHERA TENGAH",8202,82
77085,"MALUKU UTARA",77956,"HALMAHERA TIMUR",8206,82
77085,"MALUKU UTARA",77364,"HALMAHERA UTARA",8205,82
77085,"MALUKU UTARA",77858,"KEPULAUAN SULA",8203,82
77085,"MALUKU UTARA",78040,"KOTA TERNATE",8271,82
77085,"MALUKU UTARA",78122,"KOTA TIDORE KEPULAUAN",8272,82
77085,"MALUKU UTARA",77086,"PULAU MOROTAI",8207,82
77085,"MALUKU UTARA",928079,"PULAU TALIABU",8208,82
54020,"NUSA TENGGARA BARAT",54666,"BIMA",5272,52
54020,"NUSA TENGGARA BARAT",54590,"DOMPU",5205,52
54020,"NUSA TENGGARA BARAT",54982,"KOTA BIMA",5206,52
54020,"NUSA TENGGARA BARAT",54925,"KOTA MATARAM",5271,52
54020,"NUSA TENGGARA BARAT",54021,"LOMBOK BARAT",5201,52
54020,"NUSA TENGGARA BARAT",54123,"LOMBOK TENGAH",5202,52
54020,"NUSA TENGGARA BARAT",54260,"LOMBOK TIMUR",5203,52
54020,"NUSA TENGGARA BARAT",55026,"LOMBOK UTARA",5208,52
54020,"NUSA TENGGARA BARAT",54400,"SUMBAWA",5204,52
54020,"NUSA TENGGARA BARAT",54853,"SUMBAWA BARAT",5207,52
55065,"NUSA TENGGARA TIMUR",56051,"ALOR",5307,53
55065,"NUSA TENGGARA TIMUR",55819,"BELU",5306,53
55065,"NUSA TENGGARA TIMUR",56671,"ENDE",5311,53
55065,"NUSA TENGGARA TIMUR",56244,"FLORES TIMUR",5309,53
55065,"NUSA TENGGARA TIMUR",58040,"KOTA KUPANG",5371,53
55065,"NUSA TENGGARA TIMUR",55066,"KUPANG",5303,53
55065,"NUSA TENGGARA TIMUR",57406,"LEMBATA",5308,53
55065,"NUSA TENGGARA TIMUR",928072,"MALAKA",5321,53
55065,"NUSA TENGGARA TIMUR",57008,"MANGGARAI",5313,53
55065,"NUSA TENGGARA TIMUR",57649,"MANGGARAI BARAT",5315,53
55065,"NUSA TENGGARA TIMUR",58098,"MANGGARAI TIMUR",5319,53
55065,"NUSA TENGGARA TIMUR",57778,"NAGEKEO",5318,53
55065,"NUSA TENGGARA TIMUR",56904,"NGADA",5312,53
55065,"NUSA TENGGARA TIMUR",57560,"ROTE NDAO",5314,53
55065,"NUSA TENGGARA TIMUR",58219,"SABU RAIJUA",5320,53
55065,"NUSA TENGGARA TIMUR",56489,"SIKKA",5310,53
55065,"NUSA TENGGARA TIMUR",57346,"SUMBA BARAT",5301,53
55065,"NUSA TENGGARA TIMUR",57935,"SUMBA BARAT DAYA",5317,53
55065,"NUSA TENGGARA TIMUR",57886,"SUMBA TENGAH",5316,53
55065,"NUSA TENGGARA TIMUR",57167,"SUMBA TIMUR",5302,53
55065,"NUSA TENGGARA TIMUR",55347,"TIMOR TENGAH SELATAN",5304,53
55065,"NUSA TENGGARA TIMUR",55620,"TIMOR TENGAH UTARA",5305,53
78203,"PAPUA",79163,"ASMAT",9415,94
78203,"PAPUA",80526,"BIAK NUMFOR",9409,94
78203,"PAPUA",78927,"BOVEN DIGOEL",9413,94
78203,"PAPUA",78289,"DEIYAI",9436,94
78203,"PAPUA",79752,"DOGIYAI",9434,94
78203,"PAPUA",78204,"INTAN JAYA",9435,94
78203,"PAPUA",80144,"JAYAPURA",9403,94
78203,"PAPUA",80015,"JAYAWIJAYA",9402,94
78203,"PAPUA",81192,"KEEROM",9420,94
78203,"PAPUA",80402,"KEPULAUAN YAPEN",9408,94
78203,"PAPUA",79421,"KOTA JAYAPURA",9403,94
78203,"PAPUA",79564,"LANNY JAYA",9430,94
78203,"PAPUA",79354,"MAMBERAMO RAYA",9428,94
78203,"PAPUA",79466,"MAMBERAMO TENGAH",9431,94
78203,"PAPUA",79019,"MAPPI",9414,94
78203,"PAPUA",79826,"MERAUKE",9401,94
78203,"PAPUA",81007,"MIMIKA",9412,94
78203,"PAPUA",80309,"NABIRE",9404,94
78203,"PAPUA",79629,"NDUGA",9429,94
78203,"PAPUA",80851,"PANIAI",9410,94
78203,"PAPUA",81261,"PEGUNUNGAN BINTANG",9417,94
78203,"PAPUA",79663,"PUNCAK",9433,94
78203,"PAPUA",80724,"PUNCAK JAYA",9411,94
78203,"PAPUA",81104,"SARMI",9419,94
78203,"PAPUA",79310,"SUPIORI",9427,94
78203,"PAPUA",78324,"TOLIKARA",9418,94
78203,"PAPUA",78862,"WAROPEN",9426,94
78203,"PAPUA",81357,"YAHUKIMO",9416,94
78203,"PAPUA",79531,"YALIMO",9432,94
81877,"PAPUA BARAT",82605,"FAKFAK",9101,91
81877,"PAPUA BARAT",83194,"KAIMANA",9102,91
81877,"PAPUA BARAT",83289,"KOTA SORONG",9107,91
81877,"PAPUA BARAT",82154,"MANOKWARI",9105,91
81877,"PAPUA BARAT",928080,"MANOKWARI SELATAN",9105,91
81877,"PAPUA BARAT",81878,"MAYBRAT",9110,91
81877,"PAPUA BARAT",928081,"PEGUNUNGAN ARFAK",9104,91
81877,"PAPUA BARAT",82850,"RAJA AMPAT",9108,91
81877,"PAPUA BARAT",82022,"SORONG",9107,91
81877,"PAPUA BARAT",82724,"SORONG SELATAN",9106,91
81877,"PAPUA BARAT",81992,"TAMBRAUW",9109,91
81877,"PAPUA BARAT",82965,"TELUK BINTUNI",9104,91
81877,"PAPUA BARAT",83107,"TELUK WONDAMA",9103,91
14086,"RIAU",14630,"BENGKALIS",1408,14
14086,"RIAU",14741,"INDRAGIRI HILIR",1403,14
14086,"RIAU",14414,"INDRAGIRI HULU",1402,14
14086,"RIAU",14166,"KAMPAR",1406,14
14086,"RIAU",14087,"KEPULAUAN MERANTI",1410,14
14086,"RIAU",15846,"KOTA DUMAI",1473,14
14086,"RIAU",15775,"KOTA PEKANBARU",1471,14
14086,"RIAU",15553,"KUANTAN SINGINGI",1401,14
14086,"RIAU",14955,"PELALAWAN",1404,14
14086,"RIAU",15254,"ROKAN HILIR",1409,14
14086,"RIAU",15087,"ROKAN HULU",1407,14
14086,"RIAU",15412,"SIAK",1405,14
75425,"SULAWESI BARAT",76047,"MAJENE",7601,76
75425,"SULAWESI BARAT",75670,"MAMASA",7603,76
75425,"SULAWESI BARAT",75502,"MAMUJU",7604,76
75425,"SULAWESI BARAT",928078,"MAMUJU TENGAH",7604,76
75425,"SULAWESI BARAT",75426,"MAMUJU UTARA",7605,76
75425,"SULAWESI BARAT",75863,"POLEWALI MANDAR",7602,76
69268,"SULAWESI SELATAN",69668,"BANTAENG",7303,73
69268,"SULAWESI SELATAN",70873,"BARRU",7310,73
69268,"SULAWESI SELATAN",70239,"BONE",7311,73
69268,"SULAWESI SELATAN",69531,"BULUKUMBA",7302,73
69268,"SULAWESI SELATAN",71437,"ENREKANG",7316,73
69268,"SULAWESI SELATAN",69962,"GOWA",7306,73
69268,"SULAWESI SELATAN",69744,"JENEPONTO",7304,73
69268,"SULAWESI SELATAN",69442,"KEPULAUAN SELAYAR",7301,73
69268,"SULAWESI SELATAN",72309,"KOTA MAKASSAR",7371,73
69268,"SULAWESI SELATAN",72493,"KOTA PALOPO",7373,73
69268,"SULAWESI SELATAN",72467,"KOTA PARE PARE",7372,73
69268,"SULAWESI SELATAN",71579,"LUWU",7317,73
69268,"SULAWESI SELATAN",72190,"LUWU TIMUR",7325,73
69268,"SULAWESI SELATAN",72007,"LUWU UTARA",7322,73
69268,"SULAWESI SELATAN",70639,"MAROS",7308,73
69268,"SULAWESI SELATAN",70757,"PANGKAJENE DAN KEPULAUAN",7309,73
69268,"SULAWESI SELATAN",71327,"PINRANG",7315,73
69268,"SULAWESI SELATAN",71209,"SIDENRENG RAPPANG",7314,73
69268,"SULAWESI SELATAN",70149,"SINJAI",7307,73
69268,"SULAWESI SELATAN",70935,"SOPPENG",7312,73
69268,"SULAWESI SELATAN",69869,"TAKALAR",7305,73
69268,"SULAWESI SELATAN",71828,"TANA TORAJA",7318,73
69268,"SULAWESI SELATAN",69269,"TORAJA UTARA",7326,73
69268,"SULAWESI SELATAN",71014,"WAJO",7313,73
67393,"SULAWESI TENGAH",67558,"BANGGAI",7202,72
67393,"SULAWESI TENGAH",68681,"BANGGAI KEPULAUAN",7201,72
67393,"SULAWESI TENGAH",928074,"BANGGAI LAUT",7201,72
67393,"SULAWESI TENGAH",68309,"BUOL",7207,72
67393,"SULAWESI TENGAH",68041,"DONGGALA",7205,72
67393,"SULAWESI TENGAH",69220,"KOTA PALU",7271,72
67393,"SULAWESI TENGAH",68428,"MOROWALI",7203,72
67393,"SULAWESI TENGAH",928075,"MOROWALI UTARA",7203,72
67393,"SULAWESI TENGAH",68887,"PARIGI MOUTONG",7208,72
67393,"SULAWESI TENGAH",67866,"POSO",7204,72
67393,"SULAWESI TENGAH",67394,"SIGI",7210,72
67393,"SULAWESI TENGAH",69089,"TOJO UNA-UNA",7209,72
67393,"SULAWESI TENGAH",68206,"TOLITOLI",7206,72
72551,"SULAWESI TENGGARA",74018,"BOMBANA",7406,74
72551,"SULAWESI TENGGARA",73420,"BUTON",7401,74
72551,"SULAWESI TENGGARA",928084,"BUTON SELATAN",7401,74
72551,"SULAWESI TENGGARA",928083,"BUTON TENGAH",7401,74
72551,"SULAWESI TENGGARA",74525,"BUTON UTARA",7409,74
72551,"SULAWESI TENGGARA",72552,"KOLAKA",7404,74
72551,"SULAWESI TENGGARA",928076,"KOLAKA TIMUR",7411,74
72551,"SULAWESI TENGGARA",74288,"KOLAKA UTARA",7408,74
72551,"SULAWESI TENGGARA",72786,"KONAWE",7403,74
72551,"SULAWESI TENGGARA",928077,"KONAWE KEPULAUAN",7403,74
72551,"SULAWESI TENGGARA",73650,"KONAWE SELATAN",7405,74
72551,"SULAWESI TENGGARA",74437,"KONAWE UTARA",7410,74
72551,"SULAWESI TENGGARA",74665,"KOTA BAU BAU",7472,74
72551,"SULAWESI TENGGARA",74590,"KOTA KENDARI",7471,74
72551,"SULAWESI TENGGARA",73150,"MUNA",7402,74
72551,"SULAWESI TENGGARA",928082,"MUNA BARAT",7402,74
72551,"SULAWESI TENGGARA",74179,"WAKATOBI",7407,74
65702,"SULAWESI UTARA",65822,"BOLAANG MONGONDOW",7101,71
65702,"SULAWESI UTARA",65760,"BOLAANG MONGONDOW SELATAN",7110,71
65702,"SULAWESI UTARA",65703,"BOLAANG MONGONDOW TIMUR",7111,71
65702,"SULAWESI UTARA",66936,"BOLAANG MONGONDOW UTARA",7107,71
65702,"SULAWESI UTARA",67035,"KEP. SIAU TAGULANDANG BIARO",7108,71
65702,"SULAWESI UTARA",66188,"KEPULAUAN SANGIHE",7103,71
65702,"SULAWESI UTARA",66371,"KEPULAUAN TALAUD",7104,71
65702,"SULAWESI UTARA",67227,"KOTA BITUNG",7172,71
65702,"SULAWESI UTARA",67355,"KOTA KOTAMOBAGU",7174,71
65702,"SULAWESI UTARA",67130,"KOTA MANADO",7171,71
65702,"SULAWESI UTARA",67305,"KOTA TOMOHON",7173,71
65702,"SULAWESI UTARA",65974,"MINAHASA",7102,71
65702,"SULAWESI UTARA",66544,"MINAHASA SELATAN",7105,71
65702,"SULAWESI UTARA",66853,"MINAHASA TENGGARA",7109,71
65702,"SULAWESI UTARA",66718,"MINAHASA UTARA",7106,71
12920,"SUMATERA BARAT",13317,"AGAM",1307,13
12920,"SUMATERA BARAT",13608,"DHARMASRAYA",1311,13
12920,"SUMATERA BARAT",13554,"KEPULAUAN MENTAWAI",1301,13
12920,"SUMATERA BARAT",13905,"KOTA BUKITTINGGI",1375,13
12920,"SUMATERA BARAT",13712,"KOTA PADANG",1371,13
12920,"SUMATERA BARAT",13886,"KOTA PADANG PANJANG",1374,13
12920,"SUMATERA BARAT",14010,"KOTA PARIAMAN",1377,13
12920,"SUMATERA BARAT",13933,"KOTA PAYAKUMBUH",1376,13
12920,"SUMATERA BARAT",13844,"KOTA SAWAHLUNTO",1373,13
12920,"SUMATERA BARAT",13828,"KOTA SOLOK",1303,13
12920,"SUMATERA BARAT",13416,"LIMA PULUH KOTA",1308,13
12920,"SUMATERA BARAT",13253,"PADANG PARIAMAN",1306,13
12920,"SUMATERA BARAT",13509,"PASAMAN",1309,13
12920,"SUMATERA BARAT",13681,"PASAMAN BARAT",1312,13
12920,"SUMATERA BARAT",12921,"PESISIR SELATAN",1302,13
12920,"SUMATERA BARAT",13099,"SIJUNJUNG",1304,13
12920,"SUMATERA BARAT",13010,"SOLOK",1372,13
12920,"SUMATERA BARAT",13634,"SOLOK SELATAN",1310,13
12920,"SUMATERA BARAT",13163,"TANAH DATAR",1305,13
17404,"SUMATERA SELATAN",19172,"BANYUASIN",1607,16
17404,"SUMATERA SELATAN",20345,"EMPAT LAWANG",1611,16
17404,"SUMATERA SELATAN",20677,"KOTA LUBUKLINGGAU",1674,16
17404,"SUMATERA SELATAN",20636,"KOTA PAGAR ALAM",1673,16
17404,"SUMATERA SELATAN",20512,"KOTA PALEMBANG",1671,16
17404,"SUMATERA SELATAN",20758,"KOTA PRABUMULIH",1672,16
17404,"SUMATERA SELATAN",18244,"LAHAT",1604,16
17404,"SUMATERA SELATAN",17895,"MUARA ENIM",1603,16
17404,"SUMATERA SELATAN",18942,"MUSI BANYUASIN",1606,16
17404,"SUMATERA SELATAN",18643,"MUSI RAWAS",1605,16
17404,"SUMATERA SELATAN",928070,"MUSI RAWAS UTARA",1613,16
17404,"SUMATERA SELATAN",20087,"OGAN ILIR",1610,16
17404,"SUMATERA SELATAN",17570,"OGAN KOMERING ILIR",1602,16
17404,"SUMATERA SELATAN",17405,"OGAN KOMERING ULU",1601,16
17404,"SUMATERA SELATAN",19808,"OGAN KOMERING ULU SELATAN",1608,16
17404,"SUMATERA SELATAN",19492,"OGAN KOMERING ULU TIMUR",1609,16
17404,"SUMATERA SELATAN",928069,"PENUKAL ABAB LEMATANG ILIR",1612,16
6728,"SUMATERA UTARA",9497,"ASAHAN",1208,12
6728,"SUMATERA UTARA",11635,"BATU BARA",1219,12
6728,"SUMATERA UTARA",9835,"DAIRI",1210,12
6728,"SUMATERA UTARA",8688,"DELI SERDANG",1212,12
6728,"SUMATERA UTARA",11083,"HUMBANG HASUNDUTAN",1215,12
6728,"SUMATERA UTARA",8408,"KARO",1211,12
6728,"SUMATERA UTARA",12038,"KOTA BINJAI",1276,12
6728,"SUMATERA UTARA",7132,"KOTA GUNUNGSITOLI",1278,12
6728,"SUMATERA UTARA",11743,"KOTA MEDAN",1275,12
6728,"SUMATERA UTARA",12122,"KOTA PADANG SIDIMPUAN",1277,12
6728,"SUMATERA UTARA",11916,"KOTA PEMATANGSIANTAR",1273,12
6728,"SUMATERA UTARA",11978,"KOTA SIBOLGA",1271,12
6728,"SUMATERA UTARA",12000,"KOTA TANJUNG BALAI",1272,12
6728,"SUMATERA UTARA",12081,"KOTA TEBING TINGGI",1274,12
6728,"SUMATERA UTARA",9727,"LABUHANBATU",1207,12
6728,"SUMATERA UTARA",6729,"LABUHANBATU SELATAN",1222,12
6728,"SUMATERA UTARA",6789,"LABUHANBATU UTARA",1223,12
6728,"SUMATERA UTARA",8094,"LANGKAT",1213,12
6728,"SUMATERA UTARA",10227,"MANDAILING NATAL",1202,12
6728,"SUMATERA UTARA",7960,"NIAS",1201,12
6728,"SUMATERA UTARA",7013,"NIAS BARAT",1225,12
6728,"SUMATERA UTARA",10646,"NIAS SELATAN",1214,12
6728,"SUMATERA UTARA",6888,"NIAS UTARA",1224,12
6728,"SUMATERA UTARA",12606,"PADANG LAWAS",1221,12
6728,"SUMATERA UTARA",12208,"PADANG LAWAS UTARA",1220,12
6728,"SUMATERA UTARA",11022,"PAKPAK BHARAT",1216,12
6728,"SUMATERA UTARA",11247,"SAMOSIR",1217,12
6728,"SUMATERA UTARA",11374,"SERDANG BEDAGAI",1218,12
6728,"SUMATERA UTARA",9114,"SIMALUNGUN",1209,12
6728,"SUMATERA UTARA",7697,"TAPANULI SELATAN",1203,12
6728,"SUMATERA UTARA",7240,"TAPANULI TENGAH",1204,12
6728,"SUMATERA UTARA",7438,"TAPANULI UTARA",1205,12
6728,"SUMATERA UTARA",10020,"TOBA SAMOSIR",1206,12
